game_id, icon, url, title, brief, content, create_time, onsale_time, big_pic, status, is_login
1,static/h5/htdocs/h5game/games/ccgl/cggl.jpg,http://www.h55game.cc/game/static/h5/htdocs/h5game/games/ccgl,行且珍惜，测出轨有多易？,,,1467357419,1467357419,,3,1
2,static/h5/htdocs/h5game/games/symdsb/icon.png,http://www.h55game.cc/game/static/h5/htdocs/h5game/games/symdsb,随意门（屌丝版）,,,1467357418,1467357418,,3,1
3,static/h5/htdocs/h5game/games/zwdzjs/icon.png,http://www.h55game.cc/game/static/h5/htdocs/h5game/games/zwdzjs,植物大战僵尸,,,1467357417,1467357417,,3,1
4,static/h5/htdocs/h5game/games/bsqpz2/icon.png,http://www.h55game.cc/game/static/h5/htdocs/h5game/games/bsqpz2,逼死强迫症2,,,1467357416,1467357416,,3,1
5,static/h5/htdocs/h5game/icon/xksds.png,http://www.h55game.cc/game/static/h5/htdocs/h5game/games/xksds,胸口碎大石,,,1467357415,1467357415,,3,1
6,static/h5/htdocs/h5game/icon/flnu.png,http://www.h55game.cc/game/static/h5/htdocs/h5game/games/flnu,粉绿男女,,,1467357414,1467357414,,3,1
7,static/h5/htdocs/h5game/icon/djz.png,http://www.h55game.cc/game/static/h5/htdocs/h5game/games/djz,打击者,,,1467357413,1467357413,,3,1
8,static/h5/htdocs/h5game/icon/hjkg.png,http://www.h55game.cc/game/static/h5/htdocs/h5game/games/hjkg,黄金矿工,,,1467357412,1467357412,,3,1
9,static/h5/htdocs/h5game/icon/bljqzffxwz.png,http://www.h55game.cc/game/static/h5/htdocs/h5game/games/bljqzffxwz,反腐小王子,,,1467357411,1467357411,,3,1
10,static/h5/htdocs/h5game/icon/znm.png,http://www.h55game.cc/game/static/h5/htdocs/h5game/games/znm,转你妹,,,1467357410,1467357410,,3,1
11,static/h5/htdocs/h5game/icon/zfj.png,http://www.h55game.cc/game/static/h5/htdocs/h5game/games/zfj,纸飞机,,,1467357409,1467357409,,3,1
12,static/h5/htdocs/h5game/icon/ksiphone6.png,http://www.h55game.cc/game/static/h5/htdocs/h5game/games/ksiphone6,狂射iphone6,,,1467357408,1467357408,,3,1
13,static/h5/htdocs/h5game/icon/tuzi.png,http://www.h55game.cc/game/static/h5/htdocs/h5game/games/tuzi,小兔子快快跑,,,1467357407,1467357407,,3,1
14,static/h5/htdocs/h5game/icon/ttg.png,http://www.h55game.cc/game/static/h5/htdocs/h5game/games/ttg,跳跳狗,,,1467357406,1467357406,,3,1
15,static/h5/htdocs/h5game/icon/saolei.png,http://www.h55game.cc/game/static/h5/htdocs/h5game/games/saolei,扫雷,,,1467357405,1467357405,,3,1
16,static/h5/htdocs/h5game/icon/qbllk.png,http://www.h55game.cc/game/static/h5/htdocs/h5game/games/qbllk,奇葩连连看,,,1467357404,1467357404,,3,1
17,static/h5/htdocs/h5game/icon/maomi.png,http://www.h55game.cc/game/static/h5/htdocs/h5game/games/maomi,看你有多花,,,1467357403,1467357403,,3,1
18,static/h5/htdocs/h5game/icon/kaixinlian.png,http://www.h55game.cc/game/static/h5/htdocs/h5game/games/kaixinlian,开心消消乐,,,1467357402,1467357402,,3,1
19,static/h5/htdocs/h5game/icon/jingzi.png,http://www.h55game.cc/game/static/h5/htdocs/h5game/games/jingzi,拯救精子,,,1467357401,1467357401,,3,1
20,static/h5/htdocs/h5game/icon/dalaohu.png,http://www.h55game.cc/game/static/h5/htdocs/h5game/games/dalaohu,打老虎,,,1467357400,1467357400,,3,1
21,static/h5/htdocs/h5game/icon/symh.png,http://www.h55game.cc/game/static/h5/htdocs/h5game/games/symh,色域迷惑人,,,1467357399,1467357399,,3,1
22,static/h5/htdocs/h5game/icon/chezhi.png,http://www.h55game.cc/game/static/h5/htdocs/h5game/games/chezhi,厕纸挑战,,,1467357398,1467357398,,3,1
23,static/h5/htdocs/h5game/icon/qqppp.png,http://www.h55game.cc/game/static/h5/htdocs/h5game/games/qqppp,气球砰砰砰,,,1467357397,1467357397,,3,1
24,static/h5/htdocs/h5game/icon/hczz.png,http://www.h55game.cc/game/static/h5/htdocs/h5game/games/hczz,横冲直闯,,,1467357396,1467357396,,3,1
25,static/h5/htdocs/h5game/icon/biaoche.png,http://www.h55game.cc/game/static/h5/htdocs/h5game/games/biaoche,疯狂飙车,,,1467357395,1467357395,,3,1
26,static/h5/htdocs/h5game/icon/baba.png,http://www.h55game.cc/game/static/h5/htdocs/h5game/games/baba,粑粑去哪儿,,,1467357394,1467357394,,3,1
27,static/h5/htdocs/h5game/icon/ceast.png,http://www.h55game.cc/game/static/h5/htdocs/h5game/games/ceast,嫦娥爱色兔,,,1467357393,1467357393,,3,1
28,static/h5/htdocs/h5game/icon/dwy.png,http://www.h55game.cc/game/static/h5/htdocs/h5game/games/dwy,打我呀打我呀,,,1467357392,1467357392,,3,1
29,static/h5/htdocs/h5game/icon/gudaye.png,http://www.h55game.cc/game/static/h5/htdocs/h5game/games/gudaye,股票你大爷,,,1467357391,1467357391,,3,1
30,static/h5/htdocs/h5game/icon/jyfy.png,http://www.h55game.cc/game/static/h5/htdocs/h5game/games/jyfy,监狱风云,,,1467357390,1467357390,,3,1
31,static/h5/htdocs/h5game/icon/jyfy2.png,http://www.h55game.cc/game/static/h5/htdocs/h5game/games/jyfy2,监狱风云2,,,1467357389,1467357389,,3,1
32,static/h5/htdocs/h5game/icon/lbyhbyc.png,http://www.h55game.cc/game/static/h5/htdocs/h5game/games/lbyhbyc,路边的野花不要采,,,1467357388,1467357388,,3,1
33,static/h5/htdocs/h5game/icon/nddsc.png,http://www.h55game.cc/game/static/h5/htdocs/h5game/games/nddsc,能打多少下,,,1467357387,1467357387,,3,1
34,static/h5/htdocs/h5game/icon/njdsb.png,http://www.h55game.cc/game/static/h5/htdocs/h5game/games/njdsb,能接多少杯,,,1467357386,1467357386,,3,1
35,static/h5/htdocs/h5game/icon/pxfzm.png,http://www.h55game.cc/game/static/h5/htdocs/h5game/games/pxfzm,泼醒小房子,,,1467357385,1467357385,,3,1
36,static/h5/htdocs/h5game/icon/xiaosan.png,http://www.h55game.cc/game/static/h5/htdocs/h5game/games/xiaosan,她是小三吗,,,1467357384,1467357384,,3,1
37,static/h5/htdocs/h5game/icon/ybdz.png,http://www.h55game.cc/game/static/h5/htdocs/h5game/games/ybdz,月饼大战,,,1467357383,1467357383,,3,1
38,static/h5/htdocs/h5game/icon/zhaonige.png,http://www.h55game.cc/game/static/h5/htdocs/h5game/games/zhaonige,麦皇争霸《找你歌》,,,1467357382,1467357382,,3,1
39,static/h5/htdocs/h5game/icon/mmttt.png,http://www.h55game.cc/game/static/h5/htdocs/h5game/games/mmttt,萌萌跳跳兔,,,1467357381,1467357381,,3,1
40,static/h5/htdocs/h5game/icon/dlxfk.png,http://www.h55game.cc/game/static/h5/htdocs/h5game/games/dlxfk,强力小方块,,,1467357380,1467357380,,3,1
41,static/h5/htdocs/h5game/icon/ndtnrgclm.png,http://www.h55game.cc/game/static/h5/htdocs/h5game/games/ndtnrgclm,你的童年让狗吃了吗？,,,1467357379,1467357379,,3,1
42,static/h5/htdocs/h5game/icon/bsqpz.png,http://www.h55game.cc/game/static/h5/htdocs/h5game/games/bsqpz,憋死强迫症,,,1467357378,1467357378,,3,1
43,static/h5/htdocs/h5game/icon/tzbp.png,http://www.h55game.cc/game/static/h5/htdocs/h5game/games/tzbp,挑战憋屁,,,1467357377,1467357377,,3,1
44,static/h5/htdocs/h5game/icon/wbk.png,http://www.h55game.cc/game/static/h5/htdocs/h5game/games/wbk,挖鼻孔,,,1467357376,1467357376,,3,1
45,static/h5/htdocs/h5game/icon/daoguo.png,http://www.h55game.cc/game/static/h5/htdocs/h5game/games/daoguo,岛国么么哒,,,1467357375,1467357375,,3,1
46,static/h5/htdocs/h5game/icon/qmbttz.png,http://www.h55game.cc/game/static/h5/htdocs/h5game/games/qmbttz,全民冰桶挑战,,,1467357374,1467357374,,3,1
47,static/h5/htdocs/h5game/icon/zqdn.png,http://www.h55game.cc/game/static/h5/htdocs/h5game/games/zqdn,最强大脑,,,1467357373,1467357373,,3,1
48,static/h5/htdocs/h5game/icon/zzs.png,http://www.h55game.cc/game/static/h5/htdocs/h5game/games/zzs,涨姿势,,,1467357372,1467357372,,3,1
49,static/h5/htdocs/h5game/icon/dlss.png,http://www.h55game.cc/game/static/h5/htdocs/h5game/games/dlss,大力射X,,,1467357371,1467357371,,3,1
50,static/h5/htdocs/h5game/icon/bbjx.png,http://www.h55game.cc/game/static/h5/htdocs/h5game/games/bbjx,步步惊心,,,1467357370,1467357370,,3,1
51,static/h5/htdocs/h5game/icon/sqs.png,http://www.h55game.cc/game/static/h5/htdocs/h5game/games/sqs,神枪手,,,1467357369,1467357369,,3,1
52,static/h5/htdocs/h5game/icon/xz120.png,http://www.h55game.cc/game/static/h5/htdocs/h5game/games/xz120,寻找120,,,1467357368,1467357368,,3,1
53,static/h5/htdocs/h5game/icon/monkey.png,http://www.h55game.cc/game/static/h5/htdocs/h5game/games/monkey,微信抢桃,,,1467357367,1467357367,,3,1
54,static/h5/htdocs/h5game/icon/cscg.png,http://www.h55game.cc/game/static/h5/htdocs/h5game/games/cscg,测试你的出轨率,,,1467357366,1467357366,,3,1
55,static/h5/htdocs/h5game/icon/mzpk.png,http://www.h55game.cc/game/static/h5/htdocs/h5game/games/mzpk,名字大作战,,,1467357365,1467357365,,3,1
56,static/h5/htdocs/h5game/icon/fkfzm.png,http://www.h55game.cc/game/static/h5/htdocs/h5game/games/fkfzm,放开房祖名,,,1467357364,1467357364,,3,1
57,static/h5/htdocs/h5game/icon/ymhddzc.png,http://www.h55game.cc/game/static/h5/htdocs/h5game/games/ymhddzc,樱木花道在主场,,,1467357363,1467357363,,3,1
58,static/h5/htdocs/h5game/icon/gqtz.png,http://www.h55game.cc/game/static/h5/htdocs/h5game/games/gqtz,哥，请挺住18秒！,,,1467357362,1467357362,,3,1
59,static/h5/htdocs/h5game/icon/blglez.png,http://www.h55game.cc/game/static/h5/htdocs/h5game/games/blglez,帮龙叔捞儿子,,,1467357361,1467357361,,3,1
60,static/h5/htdocs/h5game/icon/xindonglian.png,http://www.h55game.cc/game/static/h5/htdocs/h5game/games/xindonglian,心动连连看,,,1467357360,1467357360,,3,1
61,static/h5/htdocs/h5game/icon/liankan.png,http://www.h55game.cc/game/static/h5/htdocs/h5game/games/liankan,连连看,,,1467357359,1467357359,,3,1
62,static/h5/htdocs/h5game/icon/qedfc.png,http://www.h55game.cc/game/static/h5/htdocs/h5game/games/qedfc,企鹅大复仇,,,1467357358,1467357358,,3,1
63,static/h5/htdocs/h5game/icon/qpjzg.png,http://www.h55game.cc/game/static/h5/htdocs/h5game/games/qpjzg,强迫校正辊,,,1467357357,1467357357,,3,1
64,static/h5/htdocs/h5game/icon/fytkzc.png,http://www.h55game.cc/game/static/h5/htdocs/h5game/games/fytkzc,飞跃天空之城,,,1467357356,1467357356,,3,1
65,static/h5/htdocs/h5game/icon/cpp.png,http://www.h55game.cc/game/static/h5/htdocs/h5game/games/cpp,戳破泡泡,,,1467357355,1467357355,,3,1
66,static/h5/htdocs/h5game/icon/wzxgz.png,http://www.h55game.cc/game/static/h5/htdocs/h5game/games/wzxgz,围住小鬼子,,,1467357354,1467357354,,3,1
67,static/h5/htdocs/h5game/icon/rjd.png,http://www.h55game.cc/game/static/h5/htdocs/h5game/games/rjd,扔鸡蛋,,,1467357353,1467357353,,3,1
68,static/h5/htdocs/h5game/icon/qwt.png,http://www.h55game.cc/game/static/h5/htdocs/h5game/games/qwt,青蛙跳,,,1467357352,1467357352,,3,1
69,static/h5/htdocs/h5game/icon/jolin.png,http://www.h55game.cc/game/static/h5/htdocs/h5game/games/jolin,一起寻找蔡依林,,,1467357351,1467357351,,3,1
70,static/h5/htdocs/h5game/icon/mnygl.png,http://www.h55game.cc/game/static/h5/htdocs/h5game/games/mnygl,木乃伊归来,,,1467357350,1467357350,,3,1
71,static/h5/htdocs/h5game/icon/cdd.png,http://www.h55game.cc/game/static/h5/htdocs/h5game/games/cdd,吃豆豆,,,1467357349,1467357349,,3,1
72,static/h5/htdocs/h5game/icon/cube.png,http://www.h55game.cc/game/static/h5/htdocs/h5game/games/cube,变态俄罗斯方块,,,1467357348,1467357348,,3,1
73,static/h5/htdocs/h5game/icon/mtl.png,http://www.h55game.cc/game/static/h5/htdocs/h5game/games/mtl,摩天楼,,,1467357347,1467357347,,3,1
74,static/h5/htdocs/h5game/icon/zhizhuxia.png,http://www.h55game.cc/game/static/h5/htdocs/h5game/games/zhizhuxia,蜘蛛侠,,,1467357346,1467357346,,3,1
75,static/h5/htdocs/h5game/icon/tangguo.png,http://www.h55game.cc/game/static/h5/htdocs/h5game/games/tangguo,糖果乐园,,,1467357345,1467357345,,3,1
76,static/h5/htdocs/h5game/icon/xiaoshuai.png,http://www.h55game.cc/game/static/h5/htdocs/h5game/games/xiaoshuai,飞翔吧小帅,,,1467357344,1467357344,,3,1
77,static/h5/htdocs/h5game/icon/ice_bucket.png,http://www.h55game.cc/game/static/h5/htdocs/h5game/games/ice_bucket,冰桶挑战,,,1467357343,1467357343,,3,1
78,static/h5/htdocs/h5game/icon/bttz.png,http://www.h55game.cc/game/static/h5/htdocs/h5game/games/bttz,冰桶挑战-2B版,,,1467357342,1467357342,,3,1
79,static/h5/htdocs/h5game/icon/qmxzfzm2.png,http://www.h55game.cc/game/static/h5/htdocs/h5game/games/qmxzfzm2,摇一摇寻找房祖名,,,1467357341,1467357341,,3,1
80,static/h5/htdocs/h5game/icon/yzcs.png,http://www.h55game.cc/game/static/h5/htdocs/h5game/games/yzcs,影子传说,,,1467357340,1467357340,,3,1
81,static/h5/htdocs/h5game/icon/qmykl.png,http://www.h55game.cc/game/static/h5/htdocs/h5game/games/qmykl,全民寻摇可乐,,,1467357339,1467357339,,3,1
82,static/h5/htdocs/h5game/icon/sqsdscj.png,http://www.h55game.cc/game/static/h5/htdocs/h5game/games/sqsdscj,数钱数到手抽筋,,,1467357338,1467357338,,3,1
83,static/h5/htdocs/h5game/icon/qmxzfzm.png,http://www.h55game.cc/game/static/h5/htdocs/h5game/games/qmxzfzm,全民寻找房祖名,,,1467357337,1467357337,,3,1
84,static/h5/htdocs/h5game/icon/mnbyg.png,http://www.h55game.cc/game/static/h5/htdocs/h5game/games/mnbyg,美女啵一个,,,1467357336,1467357336,,3,1
85,static/h5/htdocs/h5game/icon/llll.png,http://www.h55game.cc/game/static/h5/htdocs/h5game/games/llll,萝莉来了,,,1467357335,1467357335,,3,1
86,static/h5/htdocs/h5game/icon/jssjm.png,http://www.h55game.cc/game/static/h5/htdocs/h5game/games/jssjm,激射神经猫,,,1467357334,1467357334,,3,1
87,static/h5/htdocs/h5game/icon/yuebing.png,http://www.h55game.cc/game/static/h5/htdocs/h5game/games/yuebing,吃月饼大赛,,,1467357333,1467357333,,3,1
88,static/h5/htdocs/h5game/icon/qie.png,http://www.h55game.cc/game/static/h5/htdocs/h5game/games/qie,疯狂打企鹅,,,1467357332,1467357332,,3,1
89,static/h5/htdocs/h5game/icon/cs.png,http://www.h55game.cc/game/static/h5/htdocs/h5game/games/cs,财神,,,1467357331,1467357331,,3,1
90,static/h5/htdocs/h5game/icon/bdsjm.png,http://www.h55game.cc/game/static/h5/htdocs/h5game/games/bdsjm,暴打神经猫,,,1467357330,1467357330,,3,1
91,static/h5/htdocs/h5game/icon/iq.png,http://www.h55game.cc/game/static/h5/htdocs/h5game/games/iq,智商测试,,,1467357329,1467357329,,3,1
92,static/h5/htdocs/h5game/icon/gongfumao.png,http://www.h55game.cc/game/static/h5/htdocs/h5game/games/gongfumao,功夫猫,,,1467357328,1467357328,,3,1
93,static/h5/htdocs/h5game/icon/dwz.png,http://www.h55game.cc/game/static/h5/htdocs/h5game/games/dwz,打蚊子,,,1467357327,1467357327,,3,1
94,static/h5/htdocs/h5game/icon/ddb.png,http://www.h55game.cc/game/static/h5/htdocs/h5game/games/ddb,找大便,,,1467357326,1467357326,,3,1
95,static/h5/htdocs/h5game/icon/diaoyu.png,http://www.h55game.cc/game/static/h5/htdocs/h5game/games/diaoyu,钓鱼,,,1467357325,1467357325,,3,1
96,static/h5/htdocs/h5game/icon/heibai.png,http://www.h55game.cc/game/static/h5/htdocs/h5game/games/heibai,黑白块,,,1467357324,1467357324,,3,1
97,static/h5/htdocs/h5game/icon/memeda.png,http://www.h55game.cc/game/static/h5/htdocs/h5game/games/memeda,么么哒,,,1467357323,1467357323,,3,1
98,static/h5/htdocs/h5game/icon/ld.png,http://www.h55game.cc/game/static/h5/htdocs/h5game/games/ld,宇宙激战,,,1467357322,1467357322,,3,1
99,static/h5/htdocs/h5game/icon/kuaipao.png,http://www.h55game.cc/game/static/h5/htdocs/h5game/games/kuaipao,快跑,,,1467357321,1467357321,,3,1
100,static/h5/htdocs/h5game/icon/kanshu.png,http://www.h55game.cc/game/static/h5/htdocs/h5game/games/kanshu,砍树,,,1467357320,1467357320,,3,1
101,static/h5/htdocs/h5game/icon/jb.png,http://www.h55game.cc/game/static/h5/htdocs/h5game/games/jb,Danger,,,1467357319,1467357319,,3,1
102,static/h5/htdocs/h5game/icon/qiexigua.png,http://www.h55game.cc/game/static/h5/htdocs/h5game/games/qiexigua,切西瓜,,,1467357318,1467357318,,3,1
103,static/h5/htdocs/h5game/icon/pigbaby.png,http://www.h55game.cc/game/static/h5/htdocs/h5game/games/pigbaby,小猪宝宝,,,1467357317,1467357317,,3,1
104,static/h5/htdocs/h5game/icon/mxcz.png,http://www.h55game.cc/game/static/h5/htdocs/h5game/games/mxcz,梦想成真,,,1467357316,1467357316,,3,1
105,static/h5/htdocs/h5game/icon/shenjingmao-zhuangbiban.png,http://www.h55game.cc/game/static/h5/htdocs/h5game/games/shenjingmao-zhuangbiban,神经猫-装逼版,,,1467357315,1467357315,,3,1
106,static/h5/htdocs/h5game/icon/qixi1.png,http://www.h55game.cc/game/static/h5/htdocs/h5game/games/qixi1,七夕跳跳跳,,,1467357314,1467357314,,3,1
107,static/h5/htdocs/h5game/icon/jg.png,http://www.h55game.cc/game/static/h5/htdocs/h5game/games/jg,激光战警,,,1467357313,1467357313,,3,1
108,static/h5/htdocs/h5game/icon/money.png,http://www.h55game.cc/game/static/h5/htdocs/h5game/games/money,捡钱大战,,,1467357312,1467357312,,3,1
109,static/h5/htdocs/h5game/icon/ygj.png,http://www.h55game.cc/game/static/h5/htdocs/h5game/games/ygj,一根筋玩到底,,,1467357311,1467357311,,3,1
110,static/h5/htdocs/h5game/icon/xxoo.png,http://www.h55game.cc/game/static/h5/htdocs/h5game/games/xxoo,看你能XXOO多少次,,,1467357310,1467357310,,3,1
111,static/h5/htdocs/h5game/icon/dl.png,http://www.h55game.cc/game/static/h5/htdocs/h5game/games/hl,小鳄鱼,,,1467357309,1467357309,,3,1
112,static/h5/htdocs/h5game/icon/zuqiu.png,http://www.h55game.cc/game/static/h5/htdocs/h5game/games/zuqiu,滚滚足球,,,1467357308,1467357308,,3,1
113,static/h5/htdocs/h5game/icon/ybh.png,http://www.h55game.cc/game/static/h5/htdocs/h5game/games/yibihua,一笔画,,,1467357307,1467357307,,3,1
114,static/h5/htdocs/h5game/icon/duolao.png,http://www.h55game.cc/game/static/h5/htdocs/h5game/games/duolao,看你有多老,,,1467357306,1467357306,,3,1
115,static/h5/htdocs/h5game/icon/shit.png,http://www.h55game.cc/game/static/h5/htdocs/h5game/games/shit,炸屎奇遇记,,,1467357305,1467357305,,3,1
116,static/h5/htdocs/h5game/icon/qifu.png,http://www.h55game.cc/game/static/h5/htdocs/h5game/games/qifu,为云南鲁甸县祈,,,1467357304,1467357304,,3,1
117,static/h5/htdocs/h5game/icon/weidao.png,http://www.h55game.cc/game/static/h5/htdocs/h5game/games/weidao,你在别人眼中味道,,,1467357303,1467357303,,3,1
118,static/h5/htdocs/h5game/icon/zhaonimei.png,http://www.h55game.cc/game/static/h5/htdocs/h5game/games/zhaonimei,微信找你妹,,,1467357302,1467357302,,3,1
119,static/h5/htdocs/h5game/icon/zazhi.png,http://www.h55game.cc/game/static/h5/htdocs/h5game/games/zazhi,微信杂志效果,,,1467357301,1467357301,,3,1
120,static/h5/htdocs/h5game/icon/naoyangyang.png,http://www.h55game.cc/game/static/h5/htdocs/h5game/games/naoyangyang,疯狂挠痒痒,,,1467357300,1467357300,,3,1
121,static/h5/htdocs/h5game/icon/honghaishilv.png,http://www.h55game.cc/game/static/h5/htdocs/h5game/games/honghaishilv,红还是绿,,,1467357299,1467357299,,3,1
122,static/h5/htdocs/h5game/icon/jianren.png,http://www.h55game.cc/game/static/h5/htdocs/h5game/games/jianren,贱人配对,,,1467357298,1467357298,,3,1
123,static/h5/htdocs/h5game/icon/diandeng.png,http://www.h55game.cc/game/static/h5/htdocs/h5game/games/diandeng,最强电灯泡,,,1467357297,1467357297,,3,1
124,static/h5/htdocs/h5game/icon/baozi.png,http://www.h55game.cc/game/static/h5/htdocs/h5game/games/baozi,吃包子大赛,,,1467357296,1467357296,,3,1
125,static/h5/htdocs/h5game/icon/pigu.png,http://www.h55game.cc/game/static/h5/htdocs/h5game/games/pigu,敢摸大老虎屁股吗,,,1467357295,1467357295,,3,1
126,static/h5/htdocs/h5game/icon/2048.png,http://www.h55game.cc/game/static/h5/htdocs/h5game/games/2048,2048,,,1467357294,1467357294,,3,1
127,static/h5/htdocs/h5game/icon/cjrst.png,http://www.h55game.cc/game/static/h5/htdocs/h5game/games/cjrst,超级染色体,,,1467357293,1467357293,,3,1
128,static/h5/htdocs/h5game/icon/se2.png,http://www.h55game.cc/game/static/h5/htdocs/h5game/games/se2,看你有多色II-双飞版,,,1467357292,1467357292,,3,1
129,static/h5/htdocs/h5game/icon/shenjingmao2.jpg,http://www.h55game.cc/game/static/h5/htdocs/h5game/games/shenjingmao2,围住神经猫II-基友版,,,1467357291,1467357291,,3,1
130,static/h5/htdocs/h5game/icon/fangyan.jpg,http://www.h55game.cc/game/static/h5/htdocs/h5game/games/fangyan,新疆话方言八级考,,,1467357290,1467357290,,3,1
131,static/h5/htdocs/h5game/icon/shouzhi.png,http://www.h55game.cc/game/static/h5/htdocs/h5game/games/shouzhi,疯狂手指,,,1467357289,1467357289,,3,1
132,static/h5/htdocs/h5game/icon/dqe.png,http://www.h55game.cc/game/static/h5/htdocs/h5game/games/dqe,打企鹅,,,1467357288,1467357288,,3,1
133,static/h5/htdocs/h5game/icon/zz.png,http://www.h55game.cc/game/static/h5/htdocs/h5game/games/zz,Galactians,,,1467357287,1467357287,,3,1
134,static/h5/htdocs/h5game/icon/zhuogui.png,http://www.h55game.cc/game/static/h5/htdocs/h5game/games/zhuogui,捉鬼,,,1467357286,1467357286,,3,1
135,static/h5/htdocs/h5game/icon/yh.png,http://www.h55game.cc/game/static/h5/htdocs/h5game/games/yh,烟花,,,1467357285,1467357285,,3,1
136,static/h5/htdocs/h5game/icon/yao.png,http://www.h55game.cc/game/static/h5/htdocs/h5game/games/yao,疯狂摇一摇,,,1467357284,1467357284,,3,1
137,static/h5/htdocs/h5game/icon/zhua.png,http://www.h55game.cc/game/static/h5/htdocs/h5game/games/zhua,抓抓抓！,,,1467357283,1467357283,,3,1
138,static/h5/htdocs/h5game/icon/yang.png,http://www.h55game.cc/game/static/h5/htdocs/h5game/games/yang,挠挠我,,,1467357282,1467357282,,3,1
139,static/h5/htdocs/h5game/icon/qixi.png,http://www.h55game.cc/game/static/h5/htdocs/h5game/games/qixi,七夕七夕,,,1467357281,1467357281,,3,1
140,static/h5/htdocs/h5game/icon/sheqiu.png,http://www.h55game.cc/game/static/h5/htdocs/h5game/games/sheqiu,射球,,,1467357280,1467357280,,3,1
141,static/h5/htdocs/h5game/icon/semo.png,http://www.h55game.cc/game/static/h5/htdocs/h5game/games/semo,色魔,,,1467357279,1467357279,,3,1
142,static/h5/htdocs/h5game/icon/zqyl.png,http://www.h55game.cc/game/static/h5/htdocs/h5game/games/zuiqiangyanli,最强眼力,,,1467357278,1467357278,,3,1
143,static/h5/htdocs/h5game/icon/xiongchumo.png,http://www.h55game.cc/game/static/h5/htdocs/h5game/games/xiongchumo,3D熊出没,,,1467357277,1467357277,,3,1
144,static/h5/htdocs/h5game/icon/xiaopingguo.png,http://www.h55game.cc/game/static/h5/htdocs/h5game/games/xiaopingguo,小苹果,,,1467357276,1467357276,,3,1
145,static/h5/htdocs/h5game/icon/xiaoniaofeifei.png,http://www.h55game.cc/game/static/h5/htdocs/h5game/games/xiaoniaofeifei,小鸟飞飞飞,,,1467357275,1467357275,,3,1
146,static/h5/htdocs/h5game/icon/selang.png,http://www.h55game.cc/game/static/h5/htdocs/h5game/games/selang,色狼划船,,,1467357274,1467357274,,3,1
147,static/h5/htdocs/h5game/icon/qingwa.png,http://www.h55game.cc/game/static/h5/htdocs/h5game/games/qingwa,小青蛙过河,,,1467357273,1467357273,,3,1
148,static/h5/htdocs/h5game/icon/se.png,http://www.h55game.cc/game/static/h5/htdocs/h5game/games/se,看你有多色,,,1467357272,1467357272,,3,1
149,static/h5/htdocs/h5game/icon/mishi.png,http://www.h55game.cc/game/static/h5/htdocs/h5game/games/mishi,密室逃亡,,,1467357271,1467357271,,3,1
150,static/h5/htdocs/h5game/icon/bunengsi.png,http://www.h55game.cc/game/static/h5/htdocs/h5game/games/bunengsi,一个都不能死,,,1467357270,1467357270,,3,1
151,static/h5/htdocs/h5game/icon/mingxuanyixian.png,http://www.h55game.cc/game/static/h5/htdocs/h5game/games/mingxuanyixian,命悬一线,,,1467357269,1467357269,,3,1
152,static/h5/htdocs/h5game/icon/jicilang.png,http://www.h55game.cc/game/static/h5/htdocs/h5game/games/jicilang,一夜几次郎,,,1467357268,1467357268,,3,1
153,static/h5/htdocs/h5game/icon/feidegenggao.png,http://www.h55game.cc/game/static/h5/htdocs/h5game/games/feidegenggao,飞的更高,,,1467357267,1467357267,,3,1
154,static/h5/htdocs/h5game/icon/shenjingmao.png,http://www.h55game.cc/game/static/h5/htdocs/h5game/games/shenjingmao,围住神经猫I,,,1467357266,1467357266,,3,1
155,static/h5/htdocs/h5game/icon/duxinshu.png,http://www.h55game.cc/game/static/h5/htdocs/h5game/games/duxinshu,神奇读心术,,,1467357265,1467357265,,3,1
156,static/h5/htdocs/h5game/icon/duimutou.png,http://www.h55game.cc/game/static/h5/htdocs/h5game/games/duimutou,堆木头,,,1467357264,1467357264,,3,1
